ACORDO_TIPO,PROTOCOLO_DATA,PROCESSO_ANATEL,PRESTADORA_ORIGEM,PRESTADORA_ORIGEM_CNPJ,CREDENCIADA,CREDENCIADA_CNPJ,VIGENCIA_DATA_FIM,PROCESSO_DESCREDENCIAMENTO,OBSERVACAO,DESPACHO_DECISORIO_SEI,DESPACHO_DECISORIO_DATA,CONCLUSAO_DATA,NUM_SEQUENCIA,FINAL
CONTRATO,2015-01-07,53500.000262/2015-94,TELEFONICA BRASIL S.A.,,MAIS AD CREDENCIADA DE TELEFONIA S.A.,17.751.901/0001-18,2020-04-07,53500.000262/2015-94,Publicação no DOU.,201590015890,2015-01-30,2015-01-30,1,False
ADITIVO,2017-05-23,53500.000262/2015-94,TELEFONICA BRASIL S.A.,,MAIS AD CREDENCIADA DE TELEFONIA S.A.,17.751.901/0001-18,2020-04-07,53500.000262/2015-94,1º Aditivo,1927446,2017-11-09,2017-11-09,2,True
CONTRATO,2022-01-04,53500.000563/2022-47,TELEXPERTS TELECOMUNICACOES S.A.,,P4 TELECOM LTDA,10.703.677/0001-40,,,Não identificado,7940722,2022-01-24,2022-01-24,1,True
CONTRATO,2019-12-02,53500.001132/2020-36,SURF TELECOM SA,10.455.746/0001-43,WANTEL TECNOLOGIA LTDA - PPP,21.850.223/0001-18,2023-03-22,53500.001132/2020-36,De acordo com comunicado SEI nº 10028140. Processo 53500.051611/2019-60 anexado.,5243988,2020-02-21,2020-02-21,1,True
CONTRATO,2023-01-10,53500.001813/2023-47,NEXT LEVEL TELECOM LTDA.,20.877.748/0001-84,KORE BRASIL LTDA,24.492.478/0001-44,,,Não identificado,9681125,2023-01-16,2023-01-16,1,True
CONTRATO,2024-01-09,53500.002003/2024-99,SURF TELECOM SA,10.455.746/0001-43,OPÇÃO TELECOM TELECOMUNICAÇÕES S.A.,,,,Não identificado,11415830,2024-01-29,2024-01-29,1,True
CONTRATO,2024-01-12,53500.002748/2024-58,CLARO S.A.,40.432.544/0001-47,NUCOMMERCE LTDA,42.508.683/0001-32,,,Não identificado,11684056,2024-04-02,2024-04-09,1,True
CONTRATO,2021-01-19,53500.003293/2021-45,VERO S.A.,31.748.174/0001-60,ISPX SOLUÇÕES EM TELECOMUNICAÇÕES SPE LTDA,19.486.259/0001-12,,,América Net incorporada pela Vero S.A.,6463483,2021-01-27,2021-01-27,1,True
CONTRATO,2025-01-17,53500.003768/2025-27,SURF TELECOM SA,10.455.746/0001-43,VONO TECNOLOGIA LTDA,30.842.345/0001-53,,,Não identificado,13267819,2025-03-07,,1,True
CONTRATO,2025-01-17,53500.003780/2025-31,SURF TELECOM SA,10.455.746/0001-43,NEW VOICE TELECOMUNICAÇÕES LTDA,29.843.594/0001-84,,,Não identificado,13349509,2025-03-07,,1,True
CONTRATO,2022-01-18,53500.003917/2022-13,SURF TELECOM SA,10.455.746/0001-43,ISPX SOLUÇÕES EM TELECOMUNICAÇÕES SPE LTDA,19.486.259/0001-12,,,Não identificado,7946757,2022-02-14,2022-02-14,1,True
CONTRATO,2022-01-19,53500.004160/2022-77,DATORA MOBILE TELECOMUNICACOES S.A.,18.384.930/0001-51,OFF SHORE LINK SAT LTDA,13.879.073/0001-47,,,Não identificado,7948943,2022-02-14,2022-02-14,1,True
CONTRATO,2025-01-22,53500.004744/2025-95,TELEXPERTS TELECOMUNICACOES S.A.,,PLAY MÓVEL SERVIÇOS DE INTERNET LTDA,44.255.627/0001-69,,,Não identificado,13461739,2025-03-31,2025-04-03,1,False
ADITIVO,2025-01-22,53500.004744/2025-95,TELEXPERTS TELECOMUNICACOES S.A.,,PLAY MÓVEL SERVIÇOS DE INTERNET LTDA,44.255.627/0001-69,,,Não identificado,13461739,2025-03-31,2025-04-03,2,True
CONTRATO,2016-03-23,53500.004886/2016-61,SURF TELECOM SA,10.455.746/0001-43,ALWAYS TECNOLOGIA LTDA. (IGREJA DA FÉ),69.190.577/0001-00,2017-07-21,,Não identificado,591183,2016-07-20,2016-07-20,1,True
CONTRATO,2020-02-04,53500.005039/2020-09,DATORA MOBILE TELECOMUNICACOES S.A.,18.384.930/0001-51,SOW TELECOMUNICAÇÕES LTDA,29.424.145/0001-00,,,Não identificado,5369267,2020-03-30,2020-03-30,1,True
CONTRATO,2022-01-21,53500.005377/2022-02,TELEXPERTS TELECOMUNICACOES S.A.,,TERAVOZ TELECOM TELECOMUNICAÇÕES LTDA,21.028.759/0001-52,,,Não identificado,7951437,2022-02-14,2022-02-14,1,True
CONTRATO,2016-03-23,53500.006148/2016-59,SURF TELECOM SA,10.455.746/0001-43,LANIS REDES E CONSULTORIA LTDA. (LANIS),,2019-01-25,53500.006148/2016-59,De acordo com a coorespondência SEI nº 3754922.,680889,2016-08-24,2016-08-24,1,True
CONTRATO,2020-02-13,53500.006681/2020-05,SURF TELECOM SA,10.455.746/0001-43,CIANET PROVEDOR DE INTERNET EIRELI,26.763.089/0001-31,,,Não identificado,5275300,2020-03-10,2020-03-10,1,True
CONTRATO,2020-02-13,53500.006685/2020-85,SURF TELECOM SA,10.455.746/0001-43,VEX TELECOM SERVIÇOS DE TELECOMUNICAÇÃO LTDA,,,,Não identificado,5276866,2020-03-10,2020-03-10,1,True
CONTRATO,2021-02-09,53500.008181/2021-81,DATORA MOBILE TELECOMUNICACOES S.A.,18.384.930/0001-51,WIRELESS COMM SOLUTIONS LTDA,,2021-03-10,53500.008181/2021-81,As partes desistiram da homologação.,6638664,2021-03-10,2021-03-10,1,True
CONTRATO,2024-02-02,53500.008606/2024-02,ALGAR TELECOM S/A,71.208.516/0001-74,ALLCOM TELECOM COMÉRCIO E SERVIÇOS LTDA,19.390.169/0001-23,,,Não identificado,11541643,2024-03-01,2024-03-01,1,True
CONTRATO,2020-03-05,53500.009739/2020-64,TELEXPERTS TELECOMUNICACOES S.A.,,LINKSFIELD TECNOLOGIA DO BRASIL LTDA,34.850.759/0001-85,,,Não identificado,5428781,2020-04-17,2020-04-17,1,True
CONTRATO,2022-02-07,53500.010152/2022-60,SURF TELECOM SA,10.455.746/0001-43,WSP SERVIÇOS DE TELECOMUNICAÇÕES LTDA,,,,Não identificado,8173716,2022-03-22,2022-03-22,1,True
CONTRATO,2021-02-15,53500.010233/2021-89,AMERICA NET S.A.,,KONNET SERVIÇOS LTDA EPP,22.711.787/0001-32,2023-01-23,53500.010233/2021-89,De acordo com Comunicado SEI nº 9757433.,6564574,2021-02-24,2021-02-24,1,True
CONTRATO,2025-02-11,53500.010717/2025-51,UNIFIQUE TELECOMUNICACOES S/A,,MHNET TELECOMUNICAÇÕES LTDA,,,,Não identificado,13342520,2025-02-28,2025-03-06,1,True
CONTRATO,2021-02-22,53500.011423/2021-13,AMERICA NET S.A.,,EAI TELECOMUNICAÇÕES LTDA,,2022-04-06,53500.011423/2021-13,De acordo com comunicado SEI nº 8422036,6684989,2021-03-31,2021-03-31,1,True
CONTRATO,2024-02-15,53500.011429/2024-33,TELEXPERTS TELECOMUNICACOES S.A.,,VEEK TECNOLOGIA S/A,,,,Não identificado,11561136,2024-03-01,2024-03-01,1,True
CONTRATO,2024-02-15,53500.011442/2024-92,TELEXPERTS TELECOMUNICACOES S.A.,,DIGIREDES TELECOMUNICAÇÕES LTDA,15.231.329/0001-30,,,Não identificado,11552001,2024-03-01,2024-03-01,1,True
CONTRATO,2021-02-25,53500.012488/2021-86,AMERICA NET S.A.,,JUSTWEB TELECOMUNICAÇÕES LTDA,15.699.599/0001-70,2023-01-18,53500.012488/2021-86,De acordo com comunicado SEI nº 9700402,6608503,2021-03-05,2021-03-05,1,True
CONTRATO,2021-02-25,53500.012493/2021-99,VERO S.A.,31.748.174/0001-60,R7 SERVIÇOS DE CONEXÕES LTDA,34.621.853/0001-62,,,América Net incorporada pela Vero S.A.,6608532,2021-03-05,2021-03-05,1,True
CONTRATO,2021-03-01,53500.012506/2021-20,VERO S.A.,31.748.174/0001-60,ATIVE TELECOMUNICAÇÕES S.A.,33.960.847/0001-77,,,América Net incorporada pela Vero S.A.,6804451,2021-04-28,2021-04-28,1,True
CONTRATO,2023-02-15,53500.012529/2023-04,SURF TELECOM SA,10.455.746/0001-43,BTT TELECOMUNICAÇÕES S.A.,39.565.567/0001-40,,,Não identificado,9846212,2023-02-22,2023-02-22,1,False
ADITIVO,2025-05-21,53500.012529/2023-04,SURF TELECOM SA,10.455.746/0001-43,BTT TELECOMUNICAÇÕES S.A.,39.565.567/0001-40,,,Não identificado,13766618,2025-05-29,2025-06-02,2,True
CONTRATO,2024-02-19,53500.012544/2024-25,AMERICA NET S.A.,,VERO S.A.,31.748.174/0001-60,,,Não identificado,11567031,2024-03-01,2024-03-01,1,True
CONTRATO,2021-03-01,53500.013077/2021-16,VERO S.A.,31.748.174/0001-60,HUG HELP DIGITAL SERVICE EIRELI,37.849.269/0001-57,,,América Net incorporada pela Vero S.A.,6632206,2021-03-09,2021-03-09,1,True
CONTRATO,2019-04-08,53500.013513/2019-24,DATORA MOBILE TELECOMUNICACOES S.A.,18.384.930/0001-51,1TELECOM SERVIÇOS DE TECNOLOGIA EM INTERNET LTDA,11.844.663/0001-09,,,Não identificado,4276603,2019-07-02,2019-07-02,1,True
CONTRATO,2020-03-23,53500.013581/2020-27,SURF TELECOM SA,10.455.746/0001-43,NEW MASTER TURBO NET LTDA,11.611.711/0001-19,,,Não identificado,5405777,2020-04-07,2020-04-07,1,True
CONTRATO,2020-03-26,53500.014170/2020-59,SURF TELECOM SA,10.455.746/0001-43,HBA TELECOM LTDA,23.743.621/0001-60,2024-10-02,53500.014170/2020-59,De acordo com comunicado SEI nº 12675565,5405802,2020-04-07,2020-04-07,1,True
CONTRATO,2021-03-09,53500.015171/2021-00,AMERICA NET S.A.,,BYTEWEB COMUNICAÇÃO MULTIMÍDIA LTDA,10.468.974/0001-58,2022-03-14,53500.015171/2021-00,De acordo com comunicado SEI nº 8791400,6720506,2021-04-07,2021-04-07,1,True
CONTRATO,2016-06-24,53500.015283/2016-95,SURF TELECOM SA,10.455.746/0001-43,EMPRESA BRASILEIRA DE CORREIOS E TELÉGRAFOS (CORREIOS),34.028.316/0001-03,,,Não identificado,930841,2016-11-17,2016-11-17,1,True
CONTRATO,2025-02-28,53500.015546/2025-57,SURF TELECOM SA,10.455.746/0001-43,COMPANHIA ITABIRANA DE TELECOMUNICAÇÕES LTDA,,,,Não identificado,13392657,2025-03-17,2025-03-18,1,True
CONTRATO,2025-02-28,53500.015552/2025-12,SURF TELECOM SA,10.455.746/0001-43,NOVATEL TELECOM LTDA,,,,Não identificado,13383994,2025-03-17,2025-03-18,1,True
CONTRATO,2021-03-12,53500.016242/2021-83,DATORA MOBILE TELECOMUNICACOES S.A.,18.384.930/0001-51,WIRELESS COMM SERVICES LTDA,,,,Não identificado,6878813,2021-05-19,2021-05-19,1,True
CONTRATO,2021-03-12,53500.016246/2021-61,DATORA MOBILE TELECOMUNICACOES S.A.,18.384.930/0001-51,DARLAN ALMEIDA COMÉRCIO DE TELECOMUNICAÇÃO EIRELI,10.772.872/0001-21,2022-05-26,53500.016246/2021-61,Arquivado por falta de subsídios para homologação.,8524069,2022-05-26,2022-05-26,1,True
CONTRATO,2024-02-29,53500.016683/2024-28,SURF TELECOM SA,10.455.746/0001-43,ATHOSTEC SOLUÇÕES TECNOLÓGICAS LTDA,16.822.965/0001-08,,,Não identificado,11659643,2024-04-08,2024-04-08,1,True
CONTRATO,2024-02-29,53500.016700/2024-27,SURF TELECOM SA,10.455.746/0001-43,BW TELECOMUNICAÇÕES LTDA,47.735.245/0001-20,,,Não identificado,11656035,2024-04-08,2024-04-08,1,True
CONTRATO,2016-07-11,53500.016901/2016-14,SURF TELECOM SA,10.455.746/0001-43,YES DO BRASIL TELECOM LTDA. (YES),24.604.838/0001-52,2018-11-08,53500.016901/2016-14,De acordo com comunicado SEI nº 3457474.,730546,2016-09-15,2016-09-15,1,True
CONTRATO,2019-05-02,53500.017208/2019-10,DATORA MOBILE TELECOMUNICACOES S.A.,18.384.930/0001-51,ONI TELECOM SERVIÇOS E COMÉRCIO LTDA,32.196.605/0001-96,,,Não identificado,4276806,2019-07-02,2019-07-02,1,False
ADITIVO,2024-09-18,53500.017208/2019-10,DATORA MOBILE TELECOMUNICACOES S.A.,18.384.930/0001-51,ONI TELECOM SERVIÇOS E COMÉRCIO LTDA,32.196.605/0001-96,,,Cessão de direitos e obrigações,12712059,2024-10-16,2024-10-16,2,True
CONTRATO,2021-03-18,53500.017551/2021-71,AMERICA NET S.A.,,ASSOCIAÇÃO DE PROTEÇÃO E BENEFÍCIOS GERAIS NO BRASIL: ABU - DHABI,34.216.649/0001-66,2022-04-08,53500.017551/2021-71,De acordo com comunicado SEI nº 8295336,6768949,2021-04-19,2021-04-19,1,True
CONTRATO,2023-03-07,53500.017573/2023-01,SURF TELECOM SA,10.455.746/0001-43,VONEX TELECOMUNICAÇÕES LTDA,,,,Não identificado,10081893,2023-04-14,2023-04-14,1,False
ADITIVO,2023-03-24,53500.017573/2023-01,SURF TELECOM SA,10.455.746/0001-43,VONEX TELECOMUNICAÇÕES LTDA,,,,1º Aditivo,10081893,2023-04-14,2023-04-14,2,True
CONTRATO,2021-03-19,53500.017857/2021-27,SURF TELECOM SA,10.455.746/0001-43,VEX TELECOMUNICAÇÕES LTDA,52.967.152/0001-61,2025-03-19,53500.017857/2021-27,De acordo com Comunicado SEI nº 13627265.,6774154,2021-04-20,2021-04-20,1,False
ADITIVO,2022-08-25,53500.017857/2021-27,SURF TELECOM SA,10.455.746/0001-43,VEX TELECOMUNICAÇÕES LTDA,52.967.152/0001-61,2025-03-19,53500.017857/2021-27,1º Aditivo - Nova CREDENCIADA,9022881,2022-09-05,2022-09-05,2,False
ADITIVO,2022-09-21,53500.017857/2021-27,SURF TELECOM SA,10.455.746/0001-43,VEX TELECOMUNICAÇÕES LTDA,52.967.152/0001-61,2025-03-19,53500.017857/2021-27,2º Aditivo,9160336,2022-10-05,2022-10-05,3,False
ADITIVO,2024-01-09,53500.017857/2021-27,SURF TELECOM SA,10.455.746/0001-43,VEX TELECOMUNICAÇÕES LTDA,52.967.152/0001-61,2025-03-19,53500.017857/2021-27,3º Aditivo - Nova CREDENCIADA,11443452,2024-02-14,2024-02-14,4,True
CONTRATO,2020-04-29,53500.018729/2020-10,SURF TELECOM SA,10.455.746/0001-43,ASSUNET INFORMÁTICA E SERVIÇOS DE MANUTENÇÃO LTDA,10.858.236/0001-17,2025-05-06,53500.018729/2020-10,De acordo com Comunicado SEI nº 13864532,5526978,2020-05-21,2020-05-21,1,True
CONTRATO,2022-03-07,53500.018749/2022-52,DATORA MOBILE TELECOMUNICACOES S.A.,18.384.930/0001-51,AZULDATA TECNOLOGIAS EIRELI,40.143.803/0001-10,,,Não identificado,8213196,2022-03-28,2022-03-28,1,True
CONTRATO,2021-03-23,53500.018754/2021-84,SURF TELECOM SA,10.455.746/0001-43,AGE TELECOMUNICAÇÕES S.A.,36.230.547/0001-20,,,Não identificado,6822822,2021-05-05,2021-05-05,1,False
ADITIVO,2024-07-18,53500.018754/2021-84,SURF TELECOM SA,10.455.746/0001-43,AGE TELECOMUNICAÇÕES S.A.,36.230.547/0001-20,,,1º Aditivo - Mudou nome empresarial,12333415,2024-08-07,2024-08-07,2,True
CONTRATO,2021-03-25,53500.019519/2021-20,TELEXPERTS TELECOMUNICACOES S.A.,,OQUEI TELECOM LTDA,,,,Não identificado,6858823,2021-05-11,2021-05-11,1,False
ADITIVO,2025-02-04,53500.019519/2021-20,TELEXPERTS TELECOMUNICACOES S.A.,,OQUEI TELECOM LTDA,,,,Não identificado,13715471,2025-05-20,2025-05-27,2,True
CONTRATO,2025-03-17,53500.019617/2025-91,SURF TELECOM SA,10.455.746/0001-43,TWO GLOBAL LTDA,59.405.709/0001-10,,,Não identificado,13471615,2025-03-31,2025-04-03,1,True
CONTRATO,2025-03-17,53500.019620/2025-12,SURF TELECOM SA,10.455.746/0001-43,ADRIANO TELECOM LTDA,10.414.026/0001-30,,,Não identificado,13453690,2025-03-31,2025-04-03,1,True
CONTRATO,2025-03-17,53500.019642/2025-74,SURF TELECOM SA,10.455.746/0001-43,N3 SOLUÇÕES CUSTOMIZADAS LTDA,51.746.300/0001-55,,,Não identificado,13446280,2025-03-31,2025-04-03,1,True
CONTRATO,2025-03-17,53500.019644/2025-63,SURF TELECOM SA,10.455.746/0001-43,REBIRTH DESENVOLVIMENTOS PROFISSIONAIS LTDA,28.903.062/0001-22,,,Não identificado,13438949,2025-03-31,2025-04-03,1,True
CONTRATO,2020-05-11,53500.020126/2020-88,VERO S.A.,31.748.174/0001-60,TIP TECNOLOGIA LTDA,,,,América Net incorporada pela Vero S.A.,5780270,2020-07-30,2020-07-30,1,True
CONTRATO,2021-03-29,53500.020141/2021-15,VERO S.A.,31.748.174/0001-60,NAVI SERVIÇOS DIGITAIS LTDA,20.924.974/0001-79,,,América Net incorporada pela Vero S.A.,6885641,2021-05-19,2021-05-19,1,True
CONTRATO,2021-03-29,53500.020361/2021-31,VERO S.A.,31.748.174/0001-60,MOTTANET SVA - SERVIÇOS DE PROVEDOR DE ACESSO AS REDES DE COMUNICAÇÃO LTDA,35.729.149/0001-90,,,América Net incorporada pela Vero S.A.,6886107,2021-05-19,2021-05-19,1,True
CONTRATO,2020-05-13,53500.020784/2020-70,AMERICA NET S.A.,,STARNET TELECOMUNICAÇÕES EIRELI,,2023-01-26,53500.020784/2020-70,De acordo com Comunicado SEI 9741232,5789035,2020-07-30,2020-07-30,1,True
CONTRATO,2020-05-13,53500.020791/2020-71,VERO S.A.,31.748.174/0001-60,VOA TELECOMUNICAÇÕES EIRELI,23.935.237/0001-60,,,América Net incorporada pela Vero S.A.,5784951,2020-07-30,2020-07-30,1,True
CONTRATO,2020-05-13,53500.020820/2020-03,VERO S.A.,31.748.174/0001-60,TGN-BR INTERNET LTDA,29.339.296/0001-51,,,América Net incorporada pela Vero S.A.,5803888,2020-07-30,2020-07-30,1,True
CONTRATO,2022-03-14,53500.021314/2022-95,SURF TELECOM SA,10.455.746/0001-43,NOVA NET INTERNET SOLUTION LTDA,,2022-11-09,53500.021314/2022-95,De acordo com comunicado SEI nº 9469204,8243126,2022-04-08,2022-04-08,1,True
CONTRATO,2023-03-23,53500.022701/2023-20,SURF TELECOM SA,10.455.746/0001-43,ARTHUR LUNDGREN TECIDOS S.A. - CASAS PERNAMBUCANAS,61.099.834/0001-90,,,Não identificado,10119617,2023-04-25,2023-04-25,1,False
ADITIVO,2024-01-09,53500.022701/2023-20,SURF TELECOM SA,10.455.746/0001-43,ARTHUR LUNDGREN TECIDOS S.A. - CASAS PERNAMBUCANAS,61.099.834/0001-90,,,1º Aditivo,11392300,2024-01-22,2024-01-22,2,False
ADITIVO,2025-01-17,53500.022701/2023-20,SURF TELECOM SA,10.455.746/0001-43,ARTHUR LUNDGREN TECIDOS S.A. - CASAS PERNAMBUCANAS,61.099.834/0001-90,,,2º Aditivo,13280994,2025-02-14,2025-02-17,3,True
CONTRATO,2019-06-07,53500.022777/2019-79,SURF TELECOM SA,10.455.746/0001-43,DRY COMPANY DO BRASIL COMÉRCIO E TECNOLOGIA LTDA (DRY STEAM),15.564.295/0001-04,2021-03-26,53500.022777/2019-79,Contrato e 1º Aditivo. Desc. SEI nº 10118893,4563831,2019-09-10,2019-09-10,1,False
ADITIVO,2020-03-30,53500.022777/2019-79,SURF TELECOM SA,10.455.746/0001-43,DRY COMPANY DO BRASIL COMÉRCIO E TECNOLOGIA LTDA (DRY STEAM),15.564.295/0001-04,2021-03-26,53500.022777/2019-79,2º Aditivo . Desc. SEI nº 10118893,5714873,2020-07-06,2020-07-06,2,False
ADITIVO,2020-10-23,53500.022777/2019-79,SURF TELECOM SA,10.455.746/0001-43,DRY COMPANY DO BRASIL COMÉRCIO E TECNOLOGIA LTDA (DRY STEAM),15.564.295/0001-04,2021-03-26,53500.022777/2019-79,3º Aditivo. Desc. SEI nº 10118893,6134939,2020-11-05,2020-11-05,3,False
CONTRATO,2023-04-18,53500.022777/2019-79,SURF TELECOM SA,10.455.746/0001-43,DRY COMPANY DO BRASIL COMÉRCIO E TECNOLOGIA LTDA (DRY STEAM),15.564.295/0001-04,,,Novo contrato assinado.,10325152,2023-06-15,2023-06-15,4,False
ADITIVO,2023-04-18,53500.022777/2019-79,SURF TELECOM SA,10.455.746/0001-43,DRY COMPANY DO BRASIL COMÉRCIO E TECNOLOGIA LTDA (DRY STEAM),15.564.295/0001-04,,,1º Aditivo,10325152,2023-06-15,2023-06-15,5,True
CONTRATO,2023-03-24,53500.022861/2023-79,SURF TELECOM SA,10.455.746/0001-43,TEGG TECHNOLOGY LTDA,45.435.783/0001-74,,,Não identificado,10149806,2023-05-03,2023-05-03,1,True
CONTRATO,2020-05-25,53500.023635/2020-62,SURF TELECOM SA,10.455.746/0001-43,SOLLY SOLUÇÕES E TECNOLOGIA LTDA,40.838.866/0001-90,,,Não identificado,5598402,2020-06-02,2020-06-02,1,False
ADITIVO,2022-04-08,53500.023635/2020-62,SURF TELECOM SA,10.455.746/0001-43,SOLLY SOLUÇÕES E TECNOLOGIA LTDA,40.838.866/0001-90,,,1º Aditivo - Nova CREDENCIADA,8300958,2022-04-25,2022-04-25,2,False
ADITIVO,2022-05-18,53500.023635/2020-62,SURF TELECOM SA,10.455.746/0001-43,SOLLY SOLUÇÕES E TECNOLOGIA LTDA,40.838.866/0001-90,,,2º Aditivo,8523696,2022-06-01,2022-06-01,3,False
ADITIVO,2023-04-12,53500.023635/2020-62,SURF TELECOM SA,10.455.746/0001-43,SOLLY SOLUÇÕES E TECNOLOGIA LTDA,40.838.866/0001-90,,,3º Aditivo,10126808,2023-04-25,2023-04-25,4,False
ADITIVO,2024-10-03,53500.023635/2020-62,SURF TELECOM SA,10.455.746/0001-43,SOLLY SOLUÇÕES E TECNOLOGIA LTDA,40.838.866/0001-90,,,4º Aditivo - Nova CREDENCIADA,12816367,2024-11-01,2024-11-05,5,True
CONTRATO,2020-05-25,53500.023637/2020-51,SURF TELECOM SA,10.455.746/0001-43,COMPLETA TELECOMUNICAÇÕES LTDA,26.227.978/0001-84,2022-06-22,53500.023637/2020-51,De acordo com comunicado SEI nº 8733641,5604490,2020-06-04,2020-06-04,1,True
CONTRATO,2020-05-26,53500.023696/2020-20,SURF TELECOM SA,10.455.746/0001-43,NOVANET PROVEDOR E WEB LTDA,10.668.463/0001-80,2024-10-02,53500.023696/2020-20,De acordo com comunicado SEI nº 12675587,5610124,2020-06-04,2020-06-04,1,True
CONTRATO,2020-05-26,53500.023839/2020-01,SURF TELECOM SA,10.455.746/0001-43,CONLIFE ADMINISTRADORA DE CONVÊNIO LTDA,23.401.006/0001-76,2021-01-18,53500.023839/2020-01,De acordo com comunicado SEI nº 6441952,5615180,2020-06-04,2020-06-04,1,True
CONTRATO,2020-05-26,53500.023876/2020-10,VERO S.A.,31.748.174/0001-60,YES CELULAR LTDA,29.720.892/0001-87,,,América Net incorporada pela Vero S.A.,5803932,2020-07-30,2020-07-30,1,True
CONTRATO,2021-04-13,53500.024115/2021-58,TELEXPERTS TELECOMUNICACOES S.A.,,ULTRA TELECOMUNICAÇÕES LTDA,26.016.500/0001-05,,,Não identificado,6898135,2021-05-19,2021-05-19,1,True
CONTRATO,2022-03-23,53500.024433/2022-08,VERO S.A.,31.748.174/0001-60,SALVY LTDA,45.239.701/0001-16,,,América Net incorporada pela Vero S.A.,8272026,2022-04-08,2022-04-08,1,True
CONTRATO,2019-06-19,53500.024612/2019-31,DATORA MOBILE TELECOMUNICACOES S.A.,18.384.930/0001-51,ORA SERVIÇOS DE TELECOMUNICAÇÕES LTDA,22.815.345/0001-36,,,Não identificado,4460136,2019-08-28,2019-08-28,1,False
ADITIVO,2021-06-18,53500.024612/2019-31,DATORA MOBILE TELECOMUNICACOES S.A.,18.384.930/0001-51,ORA SERVIÇOS DE TELECOMUNICAÇÕES LTDA,22.815.345/0001-36,,,2º Aditivo - Nova CREDENCIADA,7079283,2021-07-02,2021-07-02,2,True
CONTRATO,2025-04-03,53500.024787/2025-97,SURF TELECOM SA,10.455.746/0001-43,MEUSYS TECNOLOGIA LTDA,27.239.197/0001-72,,,Não identificado,13575174,2025-04-24,2025-04-25,1,True
CONTRATO,2025-04-03,53500.024791/2025-55,SURF TELECOM SA,10.455.746/0001-43,MAX NET TELECOMUNICAÇÕES LTDA,,,,Não identificado,13569125,2025-04-24,2025-04-25,1,True
CONTRATO,2025-04-03,53500.024792/2025-08,SURF TELECOM SA,10.455.746/0001-43,MAXX PROJETOS E CONSULTORIA EM TI LTDA,12.900.948/0001-82,,,Não identificado,13568749,2025-04-24,2025-04-25,1,True
CONTRATO,2025-04-03,53500.024797/2025-22,SURF TELECOM SA,10.455.746/0001-43,ONCALL SOLUÇÕES EM TECNOLOGIA LTDA,47.624.230/0001-95,,,Não identificado,13545570,2025-04-24,2025-04-25,1,True
CONTRATO,2025-04-03,53500.024801/2025-52,SURF TELECOM SA,10.455.746/0001-43,4NET SOLUÇÕES EM TELECOMUNICAÇÕES LTDA,28.135.347/0001-60,,,Não identificado,13545318,2025-04-24,2025-04-25,1,True
CONTRATO,2025-04-03,53500.024805/2025-31,SURF TELECOM SA,10.455.746/0001-43,TEL & GLOBE COMUNICAÇÃO LTDA,84.851.369/0001-06,,,Não identificado,13560804,2025-04-24,2025-04-25,1,True
CONTRATO,2024-03-22,53500.024890/2024-56,SURF TELECOM SA,10.455.746/0001-43,GRUPO UAISAT LTDA,53.932.460/0001-14,,,Não identificado,11768493,2024-04-22,2024-04-22,1,True
CONTRATO,2021-04-19,53500.025273/2021-25,SURF TELECOM SA,10.455.746/0001-43,FALEMAIS COMUNICAÇÕES LTDA,14.284.858/0001-30,,,Não identificado,6903735,2021-05-21,2021-05-21,1,True
CONTRATO,2020-06-03,53500.025367/2020-13,SURF TELECOM SA,10.455.746/0001-43,PLAY MÓVEL LTDA,44.255.627/0001-69,,,Não identificado,5712547,2020-07-03,2020-07-03,1,False
ADITIVO,2021-03-23,53500.025367/2020-13,SURF TELECOM SA,10.455.746/0001-43,PLAY MÓVEL LTDA,44.255.627/0001-69,,,1º Aditivo,6785827,2021-04-23,2021-04-23,2,False
ADITIVO,2021-05-05,53500.025367/2020-13,SURF TELECOM SA,10.455.746/0001-43,PLAY MÓVEL LTDA,44.255.627/0001-69,,,2º Aditivo,7537858,2021-10-19,2021-10-19,3,False
ADITIVO,2021-10-08,53500.025367/2020-13,SURF TELECOM SA,10.455.746/0001-43,PLAY MÓVEL LTDA,44.255.627/0001-69,,,3º Aditivo - Mudou nome empresarial,7537858,2021-10-19,2021-10-19,4,False
ADITIVO,2021-11-16,53500.025367/2020-13,SURF TELECOM SA,10.455.746/0001-43,PLAY MÓVEL LTDA,44.255.627/0001-69,,,4º Aditivo,7763505,2021-12-13,2021-12-13,5,False
ADITIVO,2022-01-11,53500.025367/2020-13,SURF TELECOM SA,10.455.746/0001-43,PLAY MÓVEL LTDA,44.255.627/0001-69,,,5º Aditivo,7946432,2022-02-14,2022-02-14,6,False
ADITIVO,2022-03-25,53500.025367/2020-13,SURF TELECOM SA,10.455.746/0001-43,PLAY MÓVEL LTDA,44.255.627/0001-69,,,6º e 7º Aditivos - Nova CREDENCIADA,8251582,2022-04-08,2022-04-08,7,False
ADITIVO,2022-06-21,53500.025367/2020-13,SURF TELECOM SA,10.455.746/0001-43,PLAY MÓVEL LTDA,44.255.627/0001-69,,,"8º, 9º e 10º Aditivos",8874376,2022-08-02,2022-08-02,8,False
ADITIVO,2022-08-17,53500.025367/2020-13,SURF TELECOM SA,10.455.746/0001-43,PLAY MÓVEL LTDA,44.255.627/0001-69,,,11º Aditivo,8989496,2022-08-29,2022-08-29,9,False
ADITIVO,2023-02-28,53500.025367/2020-13,SURF TELECOM SA,10.455.746/0001-43,PLAY MÓVEL LTDA,44.255.627/0001-69,,,12º Aditivo,9886894,2023-03-06,2023-03-06,10,False
ADITIVO,2023-10-18,53500.025367/2020-13,SURF TELECOM SA,10.455.746/0001-43,PLAY MÓVEL LTDA,44.255.627/0001-69,,,13º e 14º Aditivos,11238286,2023-12-28,2023-12-28,11,False
ADITIVO,2024-10-03,53500.025367/2020-13,SURF TELECOM SA,10.455.746/0001-43,PLAY MÓVEL LTDA,44.255.627/0001-69,,,15º e 16º Aditivos - Nova Credenciada,12822874,2024-11-19,2024-11-21,12,False
ADITIVO,2025-05-29,53500.025367/2020-13,SURF TELECOM SA,10.455.746/0001-43,PLAY MÓVEL LTDA,44.255.627/0001-69,,,17º Aditivo,13834491,2025-06-12,2025-06-16,13,True
CONTRATO,2021-04-19,53500.025466/2021-86,TELEXPERTS TELECOMUNICACOES S.A.,,VMAX DIGITAL DO BRASIL LTDA,,,,Não identificado,6898180,2021-05-19,2021-05-19,1,False
ADITIVO,2022-10-06,53500.025466/2021-86,TELEXPERTS TELECOMUNICACOES S.A.,,VMAX DIGITAL DO BRASIL LTDA,,,,2º Aditivo - Nova CREDENCIADA,9465986,2022-12-01,2022-12-01,2,True
CONTRATO,2021-04-21,53500.025893/2021-64,TELEXPERTS TELECOMUNICACOES S.A.,,CABO SERVIÇOS DE TELECOMUNICAÇÕES LTDA,,,,Não identificado,6898165,2021-05-19,2021-05-19,1,True
CONTRATO,2022-03-31,53500.027201/2022-01,VMNO COMUNICAÇÕES DO BRASIL S.A.,13.481.715/0001-55,NUH! DIGITAL LTDA,29.556.286/0001-78,,,Não identificado,8446006,2022-05-17,2022-05-17,1,True
CONTRATO,2024-03-29,53500.027249/2024-73,TELEXPERTS TELECOMUNICACOES S.A.,,ABCREDE TELECOM,,,,Não identificado,11843511,2024-06-14,2024-06-14,1,True
CONTRATO,2024-04-01,53500.027924/2024-64,TELEFONICA BRASIL S.A.,,SOFTDADOS TELECOMUNICAÇÕES LTDA,17.869.823/0001-50,,,Não identificado,11983434,2024-05-22,2024-05-22,1,True
CONTRATO,2019-07-23,53500.029064/2019-36,DATORA MOBILE TELECOMUNICACOES S.A.,18.384.930/0001-51,DB3 SERVIÇOS DE TELECOMUNICAÇÕES LTDA (DB3 TELECOM),41.644.220/0001-35,,,Não identificado,4640705,2019-10-01,2019-10-01,1,True
CONTRATO,2023-04-14,53500.029175/2023-29,DATORA MOBILE TELECOMUNICACOES S.A.,18.384.930/0001-51,QUECTEL BRASIL COMÉRCIO DE PRODUTOS DE TELECOMUNICAÇÕES LTDA,30.466.489/0001-52,,,Não identificado,10153616,2023-05-03,2023-05-03,1,True
CONTRATO,2025-04-23,53500.030079/2025-95,SURF TELECOM SA,10.455.746/0001-43,MIO TELECOM LTDA,10.811.590/0001-96,,,Não identificado,13620293,2025-04-30,2025-05-06,1,True
CONTRATO,2020-07-02,53500.030288/2020-24,SURF TELECOM SA,10.455.746/0001-43,CONNECT EMPRESAS TELECOMUNICAÇÕES EIRELI,28.360.182/0001-20,2024-10-02,53500.030288/2020-24,De acordo com comunicado SEI nº 12675623,5772763,2020-07-30,2020-07-30,1,True
CONTRATO,2022-04-11,53500.030833/2022-44,SURF TELECOM SA,10.455.746/0001-43,NUH! DIGITAL LTDA,29.556.286/0001-78,,,Não identificado,8308886,2022-04-25,2022-04-25,1,True
CONTRATO,2020-07-07,53500.030947/2020-22,SURF TELECOM SA,10.455.746/0001-43,M B SOUZA REPRESENTAÇÕES COMERCIAIS LTDA,30.458.078/0001-15,2024-10-02,53500.030947/2020-22,De acordo com comunicado SEI nº 12675765,5772762,2020-07-30,2020-07-30,1,True
CONTRATO,2023-04-26,53500.032411/2023-94,SURF TELECOM SA,10.455.746/0001-43,TIP NACIONAL TELECOM LTDA (EX-TVN),,,,Não identificado,10201081,2023-05-19,2023-05-19,1,False
ADITIVO,2023-09-28,53500.032411/2023-94,SURF TELECOM SA,10.455.746/0001-43,TIP NACIONAL TELECOM LTDA (EX-TVN),,,,Não identificado,10987708,2023-10-16,2023-10-16,2,False
ADITIVO,2025-02-28,53500.032411/2023-94,SURF TELECOM SA,10.455.746/0001-43,TIP NACIONAL TELECOM LTDA (EX-TVN),,,,2º Aditivo - Nova CREDENCIADA,13376398,2025-03-07,,3,True
CONTRATO,2023-04-27,53500.032745/2023-68,DATORA MOBILE TELECOMUNICACOES S.A.,18.384.930/0001-51,BTMT LTDA,50.603.484/0001-31,,,Não identificado,10202518,2023-05-19,2023-05-19,1,False
ADITIVO,2024-04-23,53500.032745/2023-68,DATORA MOBILE TELECOMUNICACOES S.A.,18.384.930/0001-51,BTMT LTDA,50.603.484/0001-31,,,Cessão de direitos e obrigações,12010504,2024-05-28,2024-05-28,2,True
CONTRATO,2020-07-17,53500.032974/2020-30,SURF TELECOM SA,10.455.746/0001-43,DESKTOP S.A.,,,,Não identificado,5877337,2020-08-20,2020-08-20,1,False
ADITIVO,2024-04-19,53500.032974/2020-30,SURF TELECOM SA,10.455.746/0001-43,DESKTOP S.A.,,,,Não identificado,11874131,2024-04-30,2024-04-30,2,True
CONTRATO,2025-05-08,53500.033930/2025-31,SURF TELECOM SA,10.455.746/0001-43,VOXCITY TECNOLOGIA LTDA,19.813.396/0001-14,,,Não identificado,13693905,2025-05-20,2025-05-22,1,True
CONTRATO,2020-07-22,53500.033986/2020-81,VERO S.A.,31.748.174/0001-60,VMAX DIGITAL DO BRASIL LTDA,,,,América Net incorporada pela Vero S.A.,5784962,2020-08-03,2020-08-03,1,True
CONTRATO,2020-07-23,53500.034081/2020-29,AMERICA NET S.A.,,GIGANET SERVIÇOS DE INTERNET LTDA - ME,,2022-01-18,53500.034081/2020-29,De acordo com comunicado SEI nº 7950568,6167334,2020-11-17,2020-11-17,1,True
CONTRATO,2024-04-19,53500.034231/2024-28,SURF TELECOM SA,10.455.746/0001-43,COMPLETA TELECOMUNICAÇÕES LTDA,26.227.978/0001-84,,,Não identificado,11932924,2024-05-17,2024-05-17,1,True
CONTRATO,2020-07-24,53500.034392/2020-98,SURF TELECOM SA,10.455.746/0001-43,CONTEL TELECOM LTDA,13.337.781/0001-56,,,Não identificado,5819356,2020-08-05,2020-08-05,1,False
ADITIVO,2021-12-01,53500.034392/2020-98,SURF TELECOM SA,10.455.746/0001-43,CONTEL TELECOM LTDA,13.337.781/0001-56,,,1º Aditivo,7926627,2022-01-20,2022-01-20,2,False
ADITIVO,2024-10-03,53500.034392/2020-98,SURF TELECOM SA,10.455.746/0001-43,CONTEL TELECOM LTDA,13.337.781/0001-56,,,2º e 3º Aditivos,12765589,2024-11-19,2024-11-21,3,True
CONTRATO,2020-07-29,53500.035282/2020-43,VERO S.A.,31.748.174/0001-60,NETWORK TELECOMUNICAÇÕES LTDA,,,,América Net incorporada pela Vero S.A.,5821264,2020-08-05,2020-08-05,1,True
CONTRATO,2021-05-27,53500.035412/2021-29,AMERICA NET S.A.,,DIGITAL DO LOTE XV LTDA,,2021-06-01,53500.035412/2021-29,A Prestadora Origem desistiu da homologação.,6962872,2021-06-01,2021-06-01,1,True
CONTRATO,2021-05-27,53500.035485/2021-11,TELEXPERTS TELECOMUNICACOES S.A.,,NET ALTERNATIVA PROVEDOR DE INTERNET LTDA,,,,Não identificado,7005986,2021-06-16,2021-06-16,1,True
CONTRATO,2020-07-30,53500.035518/2020-41,DATORA MOBILE TELECOMUNICACOES S.A.,18.384.930/0001-51,TELETALK COMÉRCIO E SERVIÇOS EIRELI,,,,Não identificado,5824685,2020-08-05,2020-08-05,1,True
CONTRATO,2020-07-29,53500.036002/2020-14,VERO S.A.,31.748.174/0001-60,NET BARRETOS TECNOLOGIA LTDA,10.687.950/0001-90,,,América Net incorporada pela Vero S.A.,5825440,2020-08-05,2020-08-05,1,True
CONTRATO,2024-04-25,53500.036109/2024-96,TELEXPERTS TELECOMUNICACOES S.A.,,TVN NACIONAL TELECOM LTDA,,,,Não identificado,12045971,2024-06-18,2024-06-18,1,True
CONTRATO,2025-05-21,53500.037707/2025-63,SURF TELECOM SA,10.455.746/0001-43,BCS11 PARTICIPAÇÕES S.A.,39.414.947/0001-84,,,Não identificado,13750816,2025-05-29,2025-06-02,1,True
CONTRATO,2025-05-21,53500.037709/2025-52,SURF TELECOM SA,10.455.746/0001-43,BR SISTEMAS LTDA,49.388.765/0001-30,,,Não identificado,13759227,2025-05-29,2025-06-02,1,True
CONTRATO,2020-08-14,53500.037835/2020-01,TELEFONICA BRASIL S.A.,,DESKTOP INTERNET LTDA,,2025-05-01,53500.037835/2020-01,De acordo com comunicado SEI nº 13696593,6062447,2020-10-14,2020-10-14,1,False
ADITIVO,2023-08-14,53500.037835/2020-01,TELEFONICA BRASIL S.A.,,DESKTOP INTERNET LTDA,,2025-05-01,53500.037835/2020-01,2º Aditivo,10764407,2023-09-08,2023-09-08,2,True
CONTRATO,2020-08-15,53500.038021/2020-85,SURF TELECOM SA,10.455.746/0001-43,IT TECNOLOGIA E INFORMACAO LTDA,,,,Não identificado,5871364,2020-08-18,2020-08-18,1,False
ADITIVO,2025-01-17,53500.038021/2020-85,SURF TELECOM SA,10.455.746/0001-43,IT TECNOLOGIA E INFORMACAO LTDA,,,,1º Aditivo,13280599,2025-02-27,2025-03-10,2,True
CONTRATO,2020-08-15,53500.038022/2020-20,SURF TELECOM SA,10.455.746/0001-43,VT SERVIÇOS EIRELI,29.327.676/0001-76,2024-03-05,53500.038022/2020-20,De acordo com Comunicado SEI nº 11937761,5871206,2020-08-18,2020-08-18,1,False
ADITIVO,2021-05-20,53500.038022/2020-20,SURF TELECOM SA,10.455.746/0001-43,VT SERVIÇOS EIRELI,29.327.676/0001-76,2024-03-05,53500.038022/2020-20,1º Aditivo,6959569,2021-06-01,2021-06-01,2,True
CONTRATO,2020-08-15,53500.038023/2020-74,SURF TELECOM SA,10.455.746/0001-43,SUA TELECOM LTDA,19.429.011/0001-10,,,Não identificado,5871200,2020-08-18,2020-08-18,1,False
ADITIVO,2022-05-23,53500.038023/2020-74,SURF TELECOM SA,10.455.746/0001-43,SUA TELECOM LTDA,19.429.011/0001-10,,,1º Aditivo,8550252,2022-06-08,2022-06-08,2,False
ADITIVO,2025-05-12,53500.038023/2020-74,SURF TELECOM SA,10.455.746/0001-43,SUA TELECOM LTDA,19.429.011/0001-10,,,2º Aditivo - Mudou nome empresarial,13716128,2025-05-20,2025-05-22,3,True
CONTRATO,2020-08-17,53500.038243/2020-06,AMERICA NET S.A.,,S&T PARTICIPACOES LTDA,23.066.576/0001-57,2021-12-03,53500.038243/2020-06,De acordo com comunicado SEI nº 7774559,5877719,2020-08-20,2020-08-20,1,True
CONTRATO,2023-05-15,53500.038250/2023-42,VERO S.A.,31.748.174/0001-60,ALFA NETWORK SOLUTIONS INFORMÁTICA LTDA,13.026.557/0001-43,,,América Net incorporada pela Vero S.A.,10307088,2023-06-06,2023-06-06,1,True
CONTRATO,2020-08-17,53500.038260/2020-35,VERO S.A.,31.748.174/0001-60,AMPERNET - TELECOMUNICACOES LTDA,,,,América Net incorporada pela Vero S.A.,5877840,2020-08-20,2020-08-20,1,True
CONTRATO,2020-08-18,53500.038324/2020-06,TELEXPERTS TELECOMUNICACOES S.A.,,GLOBALNET SERVIÇOS E INFORMÁTICA LTDA-ME,19.421.083/0001-10,,,Não identificado,5933326,2020-09-09,2020-09-09,1,True
CONTRATO,2020-08-18,53500.038326/2020-97,TELEXPERTS TELECOMUNICACOES S.A.,,BRSULNET SERVIÇOS EM TECNOLOGIA DA INFORMAÇÃO LTDA,34.860.748/0001-86,,,Não identificado,5933318,2020-09-09,2020-09-09,1,False
ADITIVO,2022-01-14,53500.038326/2020-97,TELEXPERTS TELECOMUNICACOES S.A.,,BRSULNET SERVIÇOS EM TECNOLOGIA DA INFORMAÇÃO LTDA,34.860.748/0001-86,,,1º Aditivo - Nova CREDENCIADA,7946506,2022-02-14,2022-02-14,2,True
CONTRATO,2025-05-23,53500.038563/2025-62,SURF TELECOM SA,10.455.746/0001-43,LIVE OPTICAL FIBER LTDA,48.226.378/0001-34,,,Não identificado,13827794,2025-06-12,2025-06-16,1,True
CONTRATO,2021-06-09,53500.038727/2021-28,CLARO S.A.,40.432.544/0001-47,MAGAZINE LUIZA S.A.,47.960.950/0001-21,,,Não identificado,7072624,2021-07-02,2021-07-02,1,False
ADITIVO,2021-09-02,53500.038727/2021-28,CLARO S.A.,40.432.544/0001-47,MAGAZINE LUIZA S.A.,47.960.950/0001-21,,,1º Aditivo,7562340,2021-10-22,2021-10-22,2,False
ADITIVO,2024-12-18,53500.038727/2021-28,CLARO S.A.,40.432.544/0001-47,MAGAZINE LUIZA S.A.,47.960.950/0001-21,,,2º Aditivo,13261046,2025-02-21,2025-02-25,3,True
CONTRATO,2024-05-07,53500.039551/2024-74,SURF TELECOM SA,10.455.746/0001-43,CUSTOMER FIRST CONSULTORIA DE TELECOMUNICAÇÕES LTDA,15.664.316/0001-55,,,Não identificado,12070900,2024-06-11,2024-06-11,1,True
CONTRATO,2019-10-02,53500.039834/2019-59,TELEXPERTS TELECOMUNICACOES S.A.,,FLUKE TELEFONIA MÓVEL CELULAR LTDA,31.904.610/0001-43,,,Não identificado,4792679,2019-11-04,2019-11-04,1,True
CONTRATO,2020-08-27,53500.039965/2020-70,DATORA MOBILE TELECOMUNICACOES S.A.,18.384.930/0001-51,REDE FIBRA TELECOM LTDA,26.080.615/0001-69,,,Não identificado,5958290,2020-09-21,2020-09-21,1,True
CONTRATO,2020-08-28,53500.040394/2020-16,SURF TELECOM SA,10.455.746/0001-43,LIFE TELECOM LTDA,26.616.652/0001-49,2024-10-02,53500.040394/2020-16,De acordo com comunicado SEI nº 12675776,5918752,2020-09-03,2020-09-03,1,True
CONTRATO,2020-08-31,53500.040661/2020-55,TELEXPERTS TELECOMUNICACOES S.A.,,ALLREDE SERVIÇOS DIGITAIS LTDA,34.983.842/0001-22,,,Não identificado,5958299,2020-09-21,2020-09-21,1,False
ADITIVO,2022-02-04,53500.040661/2020-55,TELEXPERTS TELECOMUNICACOES S.A.,,ALLREDE SERVIÇOS DIGITAIS LTDA,34.983.842/0001-22,,,2º Aditivo - Nova CREDENCIADA,8106279,2022-03-14,2022-03-14,2,False
ADITIVO,2022-07-12,53500.040661/2020-55,TELEXPERTS TELECOMUNICACOES S.A.,,ALLREDE SERVIÇOS DIGITAIS LTDA,34.983.842/0001-22,,,3º Aditivo - Nova CREDENCIADA,9386375,2022-11-16,2022-11-16,3,True
CONTRATO,2021-06-17,53500.040849/2021-84,DATORA MOBILE TELECOMUNICACOES S.A.,18.384.930/0001-51,RICO TELECOM SERVIÇOS DE TELECOMUNICAÇÕES LTDA,41.619.187/0001-93,,,Não identificado,7104277,2021-07-09,2021-07-09,1,True
CONTRATO,2025-06-03,53500.041025/2025-55,SURF TELECOM SA,10.455.746/0001-43,RD BRASIL TELECOMUNICAÇÕES LTDA,60.726.071/0001-06,,,Não identificado,13834624,2025-06-12,2025-06-16,1,True
CONTRATO,2020-09-04,53500.041710/2020-77,VERO S.A.,31.748.174/0001-60,CUIABA FIBRA INTERNET EIRELI,13.250.043/0001-77,,,América Net incorporada pela Vero S.A.,5943594,2020-09-09,2020-09-09,1,True
CONTRATO,2020-09-04,53500.041713/2020-19,AMERICA NET S.A.,,FLY LINK LTDA,,2021-11-23,53500.041713/2020-19,De acordo com comunicado SEI nº 7716098,5943606,2020-09-09,2020-09-09,1,True
CONTRATO,2020-09-16,53500.043768/2020-55,SURF TELECOM SA,10.455.746/0001-43,LOGTEL TELECOMUNICAÇÕES E INFORMÁTICA LTDA,,2024-10-02,53500.043768/2020-55,De acordo com comunicado SEI nº 12675790,5990820,2020-09-28,2020-09-28,1,True
CONTRATO,2020-09-22,53500.045061/2020-83,DATORA MOBILE TELECOMUNICACOES S.A.,18.384.930/0001-51,TATA COMMUNICATIONS COMUNICAÇÕES E MULTIMÍDIA (BRAZIL) LTDA,28.057.538/0001-51,,,Não identificado,6152249,2020-11-17,2020-11-17,1,True
CONTRATO,2020-09-23,53500.045133/2020-92,SURF TELECOM SA,10.455.746/0001-43,TI5 TELECOM LTDA,,2022-01-28,53500.045133/2020-92,De acordo com comunicado SEI nº 7998616,6003263,2020-09-28,2020-09-28,1,True
CONTRATO,2020-09-23,53500.045138/2020-15,SURF TELECOM SA,10.455.746/0001-43,BIPNET FIBRA TELECOM LTDA,36.244.331/0001-14,,,Não identificado,6003194,2020-09-28,2020-09-28,1,False
ADITIVO,2020-11-12,53500.045138/2020-15,SURF TELECOM SA,10.455.746/0001-43,BIPNET FIBRA TELECOM LTDA,36.244.331/0001-14,,,1º Aditivo - Nova CREDENCIADA,6400194,2021-01-06,2021-01-07,2,True
CONTRATO,2021-07-05,53500.045468/2021-91,VERO S.A.,31.748.174/0001-60,AQUÁRIO TECNOLOGIA DA INFORMAÇÃO LTDA,41.464.219/0001-29,,,América Net incorporada pela Vero S.A.,7108181,2021-07-09,2021-07-09,1,True
CONTRATO,2020-09-29,53500.046450/2020-26,SURF TELECOM SA,10.455.746/0001-43,GIGALINK DE NOVA FRIBURGO SOLUÇÕES EM REDE MULTIMÍDIA LTDA,,,,Não identificado,6031035,2020-10-05,2020-10-05,1,False
ADITIVO,2022-06-21,53500.046450/2020-26,SURF TELECOM SA,10.455.746/0001-43,GIGALINK DE NOVA FRIBURGO SOLUÇÕES EM REDE MULTIMÍDIA LTDA,,,,1º Aditivo - Nova CREDENCIADA,8807512,2022-08-10,2022-08-10,2,False
ADITIVO,2022-12-20,53500.046450/2020-26,SURF TELECOM SA,10.455.746/0001-43,GIGALINK DE NOVA FRIBURGO SOLUÇÕES EM REDE MULTIMÍDIA LTDA,,,,2º Aditivo - Nova CREDENCIADA,9593064,2023-01-02,2023-01-02,3,False
ADITIVO,2024-10-03,53500.046450/2020-26,SURF TELECOM SA,10.455.746/0001-43,GIGALINK DE NOVA FRIBURGO SOLUÇÕES EM REDE MULTIMÍDIA LTDA,,,,3º Aditivo,12765638,2024-10-30,2024-10-30,4,True
CONTRATO,2020-10-02,53500.047279/2020-72,SURF TELECOM SA,10.455.746/0001-43,XPLAY MOBILE & IOT LTDA,35.067.466/0001-99,,,Não identificado,6040997,2020-10-08,2020-10-08,1,False
ADITIVO,2021-10-29,53500.047279/2020-72,SURF TELECOM SA,10.455.746/0001-43,XPLAY MOBILE & IOT LTDA,35.067.466/0001-99,,,1º Aditivo,7679685,2021-11-29,2021-11-29,2,False
ADITIVO,2022-02-18,53500.047279/2020-72,SURF TELECOM SA,10.455.746/0001-43,XPLAY MOBILE & IOT LTDA,35.067.466/0001-99,,,2º Aditivo - Nova CREDENCIADA,8185537,2022-03-22,2022-03-22,3,False
ADITIVO,2022-08-10,53500.047279/2020-72,SURF TELECOM SA,10.455.746/0001-43,XPLAY MOBILE & IOT LTDA,35.067.466/0001-99,,,3º Aditivo - Nova CREDENCIADA,8953535,2022-08-16,2022-08-16,4,False
ADITIVO,2023-03-14,53500.047279/2020-72,SURF TELECOM SA,10.455.746/0001-43,XPLAY MOBILE & IOT LTDA,35.067.466/0001-99,,,4º Aditivo - Nova CREDENCIADA,9963084,2023-03-23,2023-03-23,5,False
ADITIVO,2023-07-13,53500.047279/2020-72,SURF TELECOM SA,10.455.746/0001-43,XPLAY MOBILE & IOT LTDA,35.067.466/0001-99,,,5º Aditivo,10565505,2023-07-20,2023-07-20,6,False
ADITIVO,2024-10-03,53500.047279/2020-72,SURF TELECOM SA,10.455.746/0001-43,XPLAY MOBILE & IOT LTDA,35.067.466/0001-99,,,6º Aditivo,12765544,2024-10-30,2024-10-30,7,True
CONTRATO,2020-10-02,53500.047285/2020-20,SURF TELECOM SA,10.455.746/0001-43,WEBBY PROVEDOR DE INTERNET LTDA,29.589.151/0001-09,2022-01-05,53500.047285/2020-20,De acordo com comunicado SEI nº 7884414,6040998,2020-10-08,2020-10-08,1,True
CONTRATO,2022-05-30,53500.047648/2022-99,NEXT LEVEL TELECOM LTDA.,20.877.748/0001-84,NUH! DIGITAL LTDA,29.556.286/0001-78,,,Não identificado,8561165,2022-07-14,2022-07-14,1,True
CONTRATO,2023-06-07,53500.047696/2023-68,SURF TELECOM SA,10.455.746/0001-43,VIABR INFORMÁTICA LTDA,,2025-01-08,53500.047696/2023-68,De acordo com comunicado SEI nº 13419913,10391148,2023-06-27,2023-06-27,1,True
CONTRATO,2020-10-07,53500.048445/2020-58,SURF TELECOM SA,10.455.746/0001-43,O2 SERVIÇOS ELETROELETRONICOS LTDA,21.374.237/0001-02,2021-12-13,53500.048445/2020-58,De acordo com comunicado SEI nº 7801438.,6079073,2020-10-19,2020-10-19,1,True
CONTRATO,2020-10-07,53500.048541/2020-04,TELEXPERTS TELECOMUNICACOES S.A.,,TRI TELECOM LTDA,,,,Não identificado,6123072,2020-10-29,2020-10-29,1,True
CONTRATO,2021-07-15,53500.048559/2021-89,VERO S.A.,31.748.174/0001-60,CONLIFE ADMINISTRADORA DE CONVÊNIO LTDA,23.401.006/0001-76,,,América Net incorporada pela Vero S.A.,7365583,2021-09-15,2021-09-15,1,True
CONTRATO,2021-07-15,53500.048606/2021-94,DATORA MOBILE TELECOMUNICACOES S.A.,18.384.930/0001-51,NEXT LEVEL TECNOLOGIA LTDA,32.207.196/0001-86,,,Não identificado,7779809,2021-12-15,2021-12-15,1,True
CONTRATO,2021-07-19,53500.049491/2021-55,SURF TELECOM SA,10.455.746/0001-43,TERAVOZ TELECOM TELECOMUNICAÇÕES LTDA,21.028.759/0001-52,,,Não identificado,7296449,2021-08-26,2021-08-26,1,True
CONTRATO,2021-07-20,53500.049961/2021-81,NEXT LEVEL TELECOM LTDA.,20.877.748/0001-84,DATORA TELECOMUNICAÇÕES LTDA,39.495.486/0001-11,,,Não identificado,7810317,2021-12-16,2021-12-16,1,True
CONTRATO,2021-07-20,53500.050170/2021-01,TELEXPERTS TELECOMUNICACOES S.A.,,LA FAMIGLIA CUORE LTDA,,,,Não identificado,7203091,2021-08-09,2021-08-09,1,True
CONTRATO,2024-06-14,53500.050643/2024-13,SURF TELECOM SA,10.455.746/0001-43,IPM TECNOLOGIA E TELEFONIA MÓVEL LTDA,53.560.425/0001-11,,,Não identificado,12196101,2024-06-28,2024-06-28,1,True
CONTRATO,2021-07-23,53500.051164/2021-63,SURF TELECOM SA,10.455.746/0001-43,DOTAN INTERMEDIAÇÕES LTDA,,,,Não identificado,7228638,2021-08-12,2021-08-12,1,True
CONTRATO,2021-07-27,53500.051722/2021-91,SURF TELECOM SA,10.455.746/0001-43,BARBOSA & COSTA LTDA,,2024-10-02,53500.051722/2021-91,De acordo com comunicado SEI nº 12675751,7240052,2021-08-12,2021-08-12,1,True
CONTRATO,2019-12-06,53500.052686/2019-68,SURF TELECOM SA,10.455.746/0001-43,TELBE TELECOM VALINHOS LTDA,27.390.934/0001-33,2021-01-21,53500.023839/2020-01,De acordo com comunicado SEI nº 6457496,5334013,2020-03-17,2020-03-17,1,False
ADITIVO,2020-05-04,53500.052686/2019-68,SURF TELECOM SA,10.455.746/0001-43,TELBE TELECOM VALINHOS LTDA,27.390.934/0001-33,2021-01-21,53500.052686/2019-68,De acordo com comunicado SEI nº 6457496,5751278,2020-07-17,2020-07-17,2,True
CONTRATO,2022-06-15,53500.053555/2022-01,TELEFONICA BRASIL S.A.,,PLAY SERVIÇO DE VALOR AGREGADO LTDA,34.152.634/0001-81,,,Não identificado,8953340,2022-08-16,2022-08-16,1,True
CONTRATO,2019-12-16,53500.054207/2019-48,VERO S.A.,31.748.174/0001-60,VEEK TECNOLOGIA S/A,,,,América Net incorporada pela Vero S.A.,5280176,2020-03-10,2020-03-10,1,False
ADITIVO,2024-02-05,53500.054207/2019-48,VERO S.A.,31.748.174/0001-60,VEEK TECNOLOGIA S/A,,,,América Net incorporada pela Vero S.A.,12017147,2024-05-24,2024-05-24,2,True
CONTRATO,2020-11-04,53500.054217/2020-17,SURF TELECOM SA,10.455.746/0001-43,KHG SERVIÇOS DE VALOR ADICIONADO E INTERNET LTDA,34.058.045/0001-39,2021-05-07,53500.054217/2020-17,De acordo com comunicado SEI nº 7002713,6226682,2020-11-27,2020-11-27,1,True
CONTRATO,2021-08-05,53500.054547/2021-93,TELEXPERTS TELECOMUNICACOES S.A.,,SISTEL FIBRA SERVIÇOS DE COMUNICAÇÃO MULTIMÍDIA LTDA,23.540.507/0001-33,,,Não identificado,7245421,2021-08-12,2021-08-12,1,True
CONTRATO,2020-11-06,53500.054633/2020-15,SURF TELECOM SA,10.455.746/0001-43,LIFE SERVIÇOS DE COMUNICAÇÃO MULTIMÍDIA LTDA - EM RECUPERAÇÃO JUDICIAL,,,,Não identificado,6226691,2020-11-27,2020-11-27,1,False
ADITIVO,2022-10-10,53500.054633/2020-15,SURF TELECOM SA,10.455.746/0001-43,LIFE SERVIÇOS DE COMUNICAÇÃO MULTIMÍDIA LTDA - EM RECUPERAÇÃO JUDICIAL,,,,1º Aditivo - Nova CREDENCIADA,9347966,2022-11-08,2022-11-08,2,False
ADITIVO,2023-01-06,53500.054633/2020-15,SURF TELECOM SA,10.455.746/0001-43,LIFE SERVIÇOS DE COMUNICAÇÃO MULTIMÍDIA LTDA - EM RECUPERAÇÃO JUDICIAL,,,,2º Aditivo,9671953,2023-01-16,2023-01-16,3,False
ADITIVO,2024-11-04,53500.054633/2020-15,SURF TELECOM SA,10.455.746/0001-43,LIFE SERVIÇOS DE COMUNICAÇÃO MULTIMÍDIA LTDA - EM RECUPERAÇÃO JUDICIAL,,,,3º Aditivo,13012036,2024-12-30,2024-12-30,4,True
CONTRATO,2020-11-06,53500.054679/2020-34,VERO S.A.,31.748.174/0001-60,ABCREDE TELECOM,,,,América Net incorporada pela Vero S.A.,6232389,2020-11-27,2020-11-27,1,True
CONTRATO,2020-11-06,53500.054685/2020-91,VERO S.A.,31.748.174/0001-60,FC NEGÓCIOS DIGITAIS LTDA,36.875.075/0001-63,,,América Net incorporada pela Vero S.A.,6232391,2020-11-27,2020-11-27,1,True
CONTRATO,2020-11-06,53500.054692/2020-93,VERO S.A.,31.748.174/0001-60,CONECT PROVEDOR DE ACESSO A INTERNET LTDA,13.720.564/0001-40,,,América Net incorporada pela Vero S.A.,6238852,2020-11-27,2020-11-27,1,True
CONTRATO,2020-11-06,53500.054693/2020-38,AMERICA NET S.A.,,CONECTEL TELECOMUNICAÇÕES EIRELI,35.296.233/0001-68,2022-01-11,,De acordo com comunicados SEI nº 7961326 e nº 8069865,6238849,2020-11-27,2020-11-27,1,True
CONTRATO,2020-11-06,53500.054699/2020-13,AMERICA NET S.A.,,SYNCALL CERTIFICADORA LTDA,38.152.215/0001-09,2023-03-21,53500.054699/2020-13,De acordo com comunicado SEI nº 10046393.,6238848,2020-11-27,2020-11-27,1,True
CONTRATO,2020-11-06,53500.054721/2020-17,VERO S.A.,31.748.174/0001-60,GRUPO MACRO COMUNICAÇÃO LTDA,10.238.977/0001-03,,,América Net incorporada pela Vero S.A.,6232393,2020-11-27,2020-11-27,1,True
CONTRATO,2020-11-06,53500.054753/2020-12,AMERICA NET S.A.,,NEOREDE TELECOMUNICAÇÃO EIRELI,,2022-02-04,53500.054753/2020-12,Não identificado,6232392,2020-11-27,2020-11-27,1,True
CONTRATO,2020-11-10,53500.055373/2020-03,TELEXPERTS TELECOMUNICACOES S.A.,,GERTEL TELECOM EIRELI,14.790.912/0001-19,,,Não identificado,6404833,2021-01-11,2021-01-11,1,True
CONTRATO,2018-12-11,53500.056152/2018-20,TELEFONICA BRASIL S.A.,,FIQUE MÓVEL SERVIÇOS DE TELECOMUNICAÇÕES,37.450.669/0001-95,,,Não identificado,3837076,2019-03-12,2019-03-12,1,False
ADITIVO,2020-05-12,53500.056152/2018-20,TELEFONICA BRASIL S.A.,,FIQUE MÓVEL SERVIÇOS DE TELECOMUNICAÇÕES,37.450.669/0001-95,,,1º Aditivo,5755964,2020-08-05,2020-08-05,2,False
ADITIVO,2020-07-13,53500.056152/2018-20,TELEFONICA BRASIL S.A.,,FIQUE MÓVEL SERVIÇOS DE TELECOMUNICAÇÕES,37.450.669/0001-95,,,2º Aditivo - Nova CREDENCIADA,5755964,2020-08-05,2020-08-05,3,False
ADITIVO,2021-03-19,53500.056152/2018-20,TELEFONICA BRASIL S.A.,,FIQUE MÓVEL SERVIÇOS DE TELECOMUNICAÇÕES,37.450.669/0001-95,,,3º Aditivo,6810147,2021-05-13,2021-05-13,4,False
ADITIVO,2023-06-26,53500.056152/2018-20,TELEFONICA BRASIL S.A.,,FIQUE MÓVEL SERVIÇOS DE TELECOMUNICAÇÕES,37.450.669/0001-95,,,4º Aditivo,10586600,2023-08-03,2023-08-03,5,True
CONTRATO,2020-11-16,53500.057069/2020-92,TELEFONICA BRASIL S.A.,,ASSICOM - ASSOCIAÇÃO DAS EMPRESAS E USUÁRIOS DAS TECNOLOGIAS DE INFORMAÇÃO E COMUNICAÇÃO,19.713.625/0001-29,,,Não identificado,6510262,2021-02-17,2021-02-18,1,False
ADITIVO,2024-04-22,53500.057069/2020-92,TELEFONICA BRASIL S.A.,,ASSICOM - ASSOCIAÇÃO DAS EMPRESAS E USUÁRIOS DAS TECNOLOGIAS DE INFORMAÇÃO E COMUNICAÇÃO,19.713.625/0001-29,,,1º Aditivo,11933273,2024-05-10,2024-05-10,2,False
ADITIVO,2024-10-15,53500.057069/2020-92,TELEFONICA BRASIL S.A.,,ASSICOM - ASSOCIAÇÃO DAS EMPRESAS E USUÁRIOS DAS TECNOLOGIAS DE INFORMAÇÃO E COMUNICAÇÃO,19.713.625/0001-29,,,2º Aditivo,12900559,2024-11-25,2024-11-25,3,False
ADITIVO,2025-04-14,53500.057069/2020-92,TELEFONICA BRASIL S.A.,,ASSICOM - ASSOCIAÇÃO DAS EMPRESAS E USUÁRIOS DAS TECNOLOGIAS DE INFORMAÇÃO E COMUNICAÇÃO,19.713.625/0001-29,,,3º Aditivo,13605990,2025-04-29,2025-05-06,4,True
CONTRATO,2020-11-17,53500.057958/2020-50,DATORA MOBILE TELECOMUNICACOES S.A.,18.384.930/0001-51,C-LIGUE TELECOMUNICAÇÕES LTDA,14.808.118/0001-55,,,Não identificado,6873624,2021-05-19,2021-05-19,1,True
CONTRATO,2021-08-17,53500.058419/2021-19,SURF TELECOM SA,10.455.746/0001-43,SURF TECH S.A.,28.830.242/0001-21,,,Não identificado,7285541,2021-08-26,2021-08-26,1,True
CONTRATO,2021-08-17,53500.058425/2021-76,SURF TELECOM SA,10.455.746/0001-43,CRUZ VERMELHA BRASILEIRA - FILIAL DE SÃO PAULO,,,,Não identificado,7295544,2021-08-26,2021-08-26,1,True
CONTRATO,2024-07-12,53500.058945/2024-21,TELEXPERTS TELECOMUNICACOES S.A.,,HELLO MOBILE LTDA,33.193.820/0001-04,,,Não identificado,12324881,2024-07-29,2024-07-29,1,True
CONTRATO,2024-07-12,53500.058947/2024-11,TELEXPERTS TELECOMUNICACOES S.A.,,SPEEDRS TECNOLOGIA DA INFORMAÇÃO LTDA,13.367.770/0001-19,,,Não identificado,12324845,2024-07-29,2024-07-29,1,True
CONTRATO,2021-08-23,53500.060524/2021-18,TELEXPERTS TELECOMUNICACOES S.A.,,200 TECH SERVIÇOS DO BRASIL LTDA,42.426.258/0001-02,2025-06-04,53500.060524/2021-18,De acordo com Comunicado Sei nº 13803496,7372401,2021-09-15,2021-09-15,1,True
CONTRATO,2017-06-12,53500.060891/2017-35,CLARO S.A.,40.432.544/0001-47,DEUTSCHE TELEKOM GLOBAL BUSINESS SOLUTIONS BRASIL LTDA,,,,Contrato e 1º Aditivo,1882363,2017-09-22,2017-09-22,1,False
ADITIVO,2023-11-08,53500.060891/2017-35,CLARO S.A.,40.432.544/0001-47,DEUTSCHE TELEKOM GLOBAL BUSINESS SOLUTIONS BRASIL LTDA,,,,2º Aditivo,11224242,2023-12-11,2023-12-11,2,False
ADITIVO,2023-11-08,53500.060891/2017-35,CLARO S.A.,40.432.544/0001-47,DEUTSCHE TELEKOM GLOBAL BUSINESS SOLUTIONS BRASIL LTDA,,,,3º Aditivo - Mudou nome empresarial,11224242,2023-12-11,2023-12-11,3,False
ADITIVO,2023-11-08,53500.060891/2017-35,CLARO S.A.,40.432.544/0001-47,DEUTSCHE TELEKOM GLOBAL BUSINESS SOLUTIONS BRASIL LTDA,,,,4º Aditivo,11224242,2023-12-11,2023-12-11,4,False
ADITIVO,2024-12-13,53500.060891/2017-35,CLARO S.A.,40.432.544/0001-47,DEUTSCHE TELEKOM GLOBAL BUSINESS SOLUTIONS BRASIL LTDA,,,,5º Aditivo,13137574,2025-01-23,2025-02-03,5,True
CONTRATO,2024-07-24,53500.062229/2024-49,SURF TELECOM SA,10.455.746/0001-43,VEEM TELECOM LTDA,50.229.040/0001-88,,,Não identificado,12366490,2024-08-07,2024-08-07,1,True
CONTRATO,2024-07-24,53500.062231/2024-18,SURF TELECOM SA,10.455.746/0001-43,MEGA IP CONNECT LTDA,27.414.073/0001-86,,,Não identificado,12399615,2024-08-13,2024-08-13,1,True
CONTRATO,2023-07-13,53500.063278/2023-18,SURF TELECOM SA,10.455.746/0001-43,VAREJO TELECOM LTDA,41.735.563/0001-05,,,Não identificado,10652646,2023-08-10,2023-08-10,1,False
ADITIVO,2023-08-01,53500.063278/2023-18,SURF TELECOM SA,10.455.746/0001-43,VAREJO TELECOM LTDA,41.735.563/0001-05,,,1º Aditivo,10652646,2023-08-10,2023-08-10,2,False
ADITIVO,2024-06-06,53500.063278/2023-18,SURF TELECOM SA,10.455.746/0001-43,VAREJO TELECOM LTDA,41.735.563/0001-05,,,Não identificado,12113078,2024-06-18,2024-06-18,3,True
CONTRATO,2020-12-03,53500.063690/2020-95,AMERICA NET S.A.,,MOBCALL TECNOLOGIA E INTELIGÊNCIA DE DADOS,29.183.747/0001-04,2022-12-27,53500.063690/2020-95,De acordo com comunicado SEI nº 9666446,6419359,2021-01-14,2021-01-14,1,True
CONTRATO,2020-12-03,53500.063719/2020-39,VERO S.A.,31.748.174/0001-60,INFRANET INTERNET EIRELE,17.448.764/0001-47,,,América Net incorporada pela Vero S.A.,6419372,2021-01-14,2021-01-14,1,True
CONTRATO,2020-12-03,53500.063723/2020-05,VERO S.A.,31.748.174/0001-60,FLEETNET TELECOMUNICAÇÕES LTDA,17.237.418/0001-10,,,América Net incorporada pela Vero S.A.,6419383,2021-01-14,2021-01-14,1,True
CONTRATO,2020-12-03,53500.063767/2020-27,AMERICA NET S.A.,,TRL TELECOMUNICAÇÕES LTDA,32.190.390/0001-04,2021-12-03,53500.063767/2020-27,De acordo com comunicado SEI nº 7774534,6419408,2021-01-14,2021-01-14,1,True
CONTRATO,2017-08-02,53500.066856/2017-20,SURF TELECOM SA,10.455.746/0001-43,WAVES RETRANSMISSÃO E COMUNICAÇÃO LTDA,,2021-08-16,53500.066856/2017-20,De acordo com comunicado SEI nº 7266940.,1882891,2017-09-22,2017-09-22,1,True
CONTRATO,2017-08-08,53500.067529/2017-95,SURF TELECOM SA,10.455.746/0001-43,GRÊMIO OSASCO AUDAX ESPORTE CLUBE,55.295.604/0001-02,,,Não identificado,2423053,2018-02-28,2018-02-28,1,True
CONTRATO,2020-12-15,53500.068146/2020-30,TELEFONICA BRASIL S.A.,,INTER CONECTIVIDADE LTDA,49.947.911/0001-10,,,Não identificado,6505435,2021-02-17,2021-02-18,1,False
ADITIVO,2021-05-07,53500.068146/2020-30,TELEFONICA BRASIL S.A.,,INTER CONECTIVIDADE LTDA,49.947.911/0001-10,,,1º Aditivo,6950165,2021-06-01,2021-06-01,2,False
ADITIVO,2023-06-29,53500.068146/2020-30,TELEFONICA BRASIL S.A.,,INTER CONECTIVIDADE LTDA,49.947.911/0001-10,,,2º Aditivo - Nova CREDENCIADA,10502487,2023-07-13,2023-07-13,3,True
CONTRATO,2021-09-22,53500.068756/2021-14,SURF TELECOM SA,10.455.746/0001-43,CARREFOUR COMÉRCIO E INDÚSTRIA LTDA,45.543.915/0001-81,,,Não identificado,7447852,2021-10-05,2021-10-05,1,False
ADITIVO,2024-07-18,53500.068756/2021-14,SURF TELECOM SA,10.455.746/0001-43,CARREFOUR COMÉRCIO E INDÚSTRIA LTDA,45.543.915/0001-81,,,1º Aditivo,12337317,2024-08-07,2024-08-07,2,False
ADITIVO,2024-07-18,53500.068756/2021-14,SURF TELECOM SA,10.455.746/0001-43,CARREFOUR COMÉRCIO E INDÚSTRIA LTDA,45.543.915/0001-81,,,2º Aditivo,12337317,2024-08-07,2024-08-07,3,True
CONTRATO,2020-12-17,53500.069056/2020-66,VERO S.A.,31.748.174/0001-60,INVESTEL PARTICIPAÇÕES LTDA,36.214.838/0001-25,,,América Net incorporada pela Vero S.A.,6443773,2021-01-21,2021-01-21,1,True
CONTRATO,2020-12-17,53500.069065/2020-57,VERO S.A.,31.748.174/0001-60,SIDI SERVIÇOS DE COMUNICAÇÃO LTDA ME,26.605.545/0001-15,,,América Net incorporada pela Vero S.A.,6443799,2021-01-21,2021-01-21,1,True
CONTRATO,2023-08-01,53500.069427/2023-52,SURF TELECOM SA,10.455.746/0001-43,AMPERNET - TELECOMUNICACOES LTDA,,,,Não identificado,10767353,2023-09-08,2023-09-08,1,False
ADITIVO,2023-08-21,53500.069427/2023-52,SURF TELECOM SA,10.455.746/0001-43,AMPERNET - TELECOMUNICACOES LTDA,,,,1º Aditivo,10767353,2023-09-08,2023-09-08,2,True
CONTRATO,2017-09-04,53500.071195/2017-54,SURF TELECOM SA,10.455.746/0001-43,LEVEL 3 COMUNICAÇÕES DO BRASIL LTDA,72.843.212/0001-41,,,Não identificado,2526766,2018-05-14,2018-05-14,1,True
CONTRATO,2024-08-28,53500.071447/2024-74,TELEXPERTS TELECOMUNICACOES S.A.,,ZAMIX MULTIPLAY TELECOMUNICAÇÕES LTDA,17.888.419/0001-24,,,Não identificado,12524823,2024-09-11,2024-09-11,1,True
CONTRATO,2020-12-30,53500.071776/2020-91,TELEXPERTS TELECOMUNICACOES S.A.,,BRPHONIA PROVEDOR IP LTDA,10.431.131/0001-87,,,Não identificado,6458394,2021-01-25,2021-01-25,1,True
CONTRATO,2020-12-30,53500.071779/2020-25,TELEXPERTS TELECOMUNICACOES S.A.,,GL FIBRA SERVIÇOS DE TELECOMUNICAÇÕES LTDA,31.446.186/0001-30,,,Não identificado,6458365,2021-01-25,2021-01-25,1,True
CONTRATO,2020-12-30,53500.071782/2020-49,TELEXPERTS TELECOMUNICACOES S.A.,,TCHETURBO PROVEDOR DE INTERNET LTDA,,,,Não identificado,6458332,2021-01-25,2021-01-25,1,True
CONTRATO,2021-10-13,53500.074566/2021-36,SURF TELECOM SA,10.455.746/0001-43,GANHATODOS CASHBACK E INTERMEDIAÇÃO DE PAGAMENTO LTDA,37.200.010/0001-80,2023-01-10,53500.074566/2021-36,De acordo com comunicado SEI nº 9688212,7568762,2021-10-22,2021-10-22,1,True
CONTRATO,2021-10-13,53500.074573/2021-38,TELEXPERTS TELECOMUNICACOES S.A.,,IOT TELECOM LTDA,43.790.912/0001-17,,,Não identificado,7574025,2021-10-26,2021-10-26,1,True
CONTRATO,2021-10-14,53500.074872/2021-72,SURF TELECOM SA,10.455.746/0001-43,CELTEL TELECOM LTDA,41.482.165/0001-24,2022-01-03,53500.074872/2021-72,De acordo com comunicado SEI nº 7878167,7580005,2021-11-03,2021-11-03,1,True
CONTRATO,2023-08-21,53500.076512/2023-77,SURF TELECOM SA,10.455.746/0001-43,NOVA ERA TELECOMUNICAÇÕES SERVIÇOS DE INTERNET LTDA,31.300.236/0001-77,,,Não identificado,10882352,2023-09-26,2023-09-26,1,True
CONTRATO,2024-09-16,53500.076795/2024-38,UNIFIQUE TELECOMUNICACOES S/A,,LIGGA TELECOMUNICAÇÕES S.A.,,,,"Unifique é MVNe. Área de Abrangência: BR, exceto SC e RS.",12785544,2024-11-08,2024-11-11,1,True
CONTRATO,2024-09-16,53500.076803/2024-46,DATORA MOBILE TELECOMUNICACOES S.A.,18.384.930/0001-51,IMPACTO CONECTIVIDADE E INCLUSÃO DIGITAL LTDA,30.643.739/0001-82,,,Não identificado,12919723,2024-12-02,2024-12-02,1,True
CONTRATO,2024-09-16,53500.076804/2024-91,UNIFIQUE TELECOMUNICACOES S/A,,LIGGA TELECOMUNICAÇÕES S.A.,,,,Unifique é MNO. Área de Abrangência: SC e RS.,12789977,2024-11-08,2024-11-11,1,True
CONTRATO,2021-11-11,53500.081744/2021-85,SURF TELECOM SA,10.455.746/0001-43,PAFER SERVIÇOS DE APOIO ADMINISTRATIVO LTDA,49.590.693/0001-09,,,Não identificado,7682860,2021-11-29,2021-11-29,1,False
ADITIVO,2025-03-17,53500.081744/2021-85,SURF TELECOM SA,10.455.746/0001-43,PAFER SERVIÇOS DE APOIO ADMINISTRATIVO LTDA,49.590.693/0001-09,,,1º Aditivo - Nova CREDENCIADA,13469402,2025-03-31,2025-04-03,2,True
CONTRATO,2024-10-09,53500.083043/2024-23,SURF TELECOM SA,10.455.746/0001-43,MAISAGIL FRANQUIAS LTDA,38.063.817/0001-81,,,Não identificado,12818798,2024-11-01,2024-11-05,1,True
CONTRATO,2024-10-22,53500.087081/2024-55,TELEXPERTS TELECOMUNICACOES S.A.,,BRASIL TECPAR SERVIÇOS DE TELECOMUNICAÇÕES S.A.,,,,Não identificado,12915088,2024-11-25,2024-11-25,1,True
CONTRATO,2024-10-28,53500.088363/2024-70,SURF TELECOM SA,10.455.746/0001-43,SICOVE DO BRASIL LTDA,19.634.885/0001-09,,,Não identificado,12931217,2024-12-02,2024-12-09,1,True
CONTRATO,2024-10-30,53500.089088/2024-10,SURF TELECOM SA,10.455.746/0001-43,TELEFONABR TELECOMUNICAÇÕES LTDA,57.325.899/0001-30,2025-02-18,53500.089088/2024-10,De acordo com comunicado SEI nº 13730357,12933310,2024-12-30,2025-01-07,1,True
CONTRATO,2021-12-17,53500.091092/2021-97,DATORA MOBILE TELECOMUNICACOES S.A.,18.384.930/0001-51,EAI TELECOMUNICAÇÕES LTDA,,,,Não identificado,7930506,2022-01-20,2022-01-20,1,True
CONTRATO,2024-11-19,53500.095040/2024-32,TELEXPERTS TELECOMUNICACOES S.A.,,SALVY LTDA,45.239.701/0001-16,,,Não identificado,13049015,2024-12-23,2024-12-23,1,True
CONTRATO,2023-10-22,53500.095588/2023-00,NEXT LEVEL TELECOM LTDA.,20.877.748/0001-84,QUECTEL BRASIL COMÉRCIO DE PRODUTOS DE TELECOMUNICAÇÕES LTDA,30.466.489/0001-52,,,Não identificado,11198465,2023-11-30,2023-11-30,1,True
CONTRATO,2024-11-25,53500.096352/2024-63,DATORA MOBILE TELECOMUNICACOES S.A.,18.384.930/0001-51,NIPTELECOM TELECOMUNICAÇÕES LTDA,19.534.299/0001-92,,,Não identificado,13027567,2024-12-19,2024-12-20,1,True
CONTRATO,2024-11-27,53500.096819/2024-75,DATORA MOBILE TELECOMUNICACOES S.A.,18.384.930/0001-51,NIPCABLE DO BRASIL TELECOM LTDA,,,,Não identificado,13031178,2024-12-19,2024-12-20,1,True
CONTRATO,2023-10-29,53500.097778/2023-53,ALGAR TELECOM S/A,71.208.516/0001-74,NUH! DIGITAL LTDA,29.556.286/0001-78,,,Não identificado,11345538,2024-01-12,2024-01-12,1,True
CONTRATO,2023-11-08,53500.100499/2023-84,SURF TELECOM SA,10.455.746/0001-43,TCONNECT TELECOMUNICAÇÕES LTDA,53.558.593/0001-72,,,Não identificado,11231095,2023-12-11,2023-12-11,1,False
ADITIVO,2024-06-20,53500.100499/2023-84,SURF TELECOM SA,10.455.746/0001-43,TCONNECT TELECOMUNICAÇÕES LTDA,53.558.593/0001-72,,,Não identificado,12196425,2024-06-28,2024-06-28,2,True
CONTRATO,2024-12-12,53500.101305/2024-49,DATORA MOBILE TELECOMUNICACOES S.A.,18.384.930/0001-51,SOLUÇÃO NETWORK PROVEDOR LTDA,12.693.643/0001-47,,,Não identificado,13131770,2025-01-23,2025-02-03,1,True
CONTRATO,2024-12-16,53500.102259/2024-03,DATORA MOBILE TELECOMUNICACOES S.A.,18.384.930/0001-51,HYPECON TELECOM LTDA,57.343.044/0001-31,,,Não identificado,13143225,2025-01-23,2025-02-03,1,True
CONTRATO,2024-12-23,53500.103970/2024-77,TELEXPERTS TELECOMUNICACOES S.A.,,KORE BRASIL LTDA,24.492.478/0001-44,,,Não identificado,13154927,2025-01-28,2025-02-03,1,True
CONTRATO,2023-12-07,53500.109559/2023-24,SURF TELECOM SA,10.455.746/0001-43,SAFE TELECOM S.A.,39.380.518/0001-33,,,Não identificado,11494006,2024-02-15,2024-02-15,1,True
CONTRATO,2023-12-11,53500.110232/2023-03,SURF TELECOM SA,10.455.746/0001-43,GIESECKE+DEVRIENT MOBILE SECURITY TCD BRASIL LTDA,46.460.360/0001-77,,,Não identificado,11357831,2024-01-12,2024-01-12,1,True
CONTRATO,2022-06-24,53500.287435/2022-06,DATORA MOBILE TELECOMUNICACOES S.A.,18.384.930/0001-51,DASH TELECOMUNICAÇÕES LTDA,46.760.671/0001-51,2023-12-20,53500.287435/2022-06,De acordo com comunicado SEI nº 11315477,8780913,2022-07-08,2022-07-08,1,True
CONTRATO,2022-07-26,53500.298776/2022-07,DATORA MOBILE TELECOMUNICACOES S.A.,18.384.930/0001-51,IVM COMÉRCIO E SERVIÇOS DE INFORMÁTICA LTDA,10.285.037/0001-67,,,Não identificado,8917690,2022-08-09,2022-08-10,1,True
CONTRATO,2022-08-06,53500.302635/2022-98,TELEXPERTS TELECOMUNICACOES S.A.,,BNET TELECOMUNICAÇÕES LTDA,,,,Não identificado,8933605,2022-08-15,2022-08-15,1,True
CONTRATO,2022-08-06,53500.302637/2022-87,TELEXPERTS TELECOMUNICACOES S.A.,,REDE CONESUL TELECOMUNICAÇÕES LTDA,,,,Não identificado,8941634,2022-08-16,2022-08-16,1,True
CONTRATO,2022-08-06,53500.302638/2022-21,TELEXPERTS TELECOMUNICACOES S.A.,,ZILIONET TELECOMUNICAÇÕES LTDA,10.220.038/0001-23,,,Não identificado,8929465,2022-08-15,2022-08-15,1,True
CONTRATO,2022-08-17,53500.305885/2022-80,SURF TELECOM SA,10.455.746/0001-43,ISPS DO BRASIL S.A.,14.415.661/0001-92,,,Não identificado,9055015,2022-09-09,2022-09-09,1,False
ADITIVO,2023-05-04,53500.305885/2022-80,SURF TELECOM SA,10.455.746/0001-43,ISPS DO BRASIL S.A.,14.415.661/0001-92,,,Não identificado,10305450,2023-06-06,2023-06-06,2,False
ADITIVO,2024-10-03,53500.305885/2022-80,SURF TELECOM SA,10.455.746/0001-43,ISPS DO BRASIL S.A.,14.415.661/0001-92,,,2º Aditivo,12777947,2024-12-30,2025-01-07,3,False
ADITIVO,2024-10-03,53500.305885/2022-80,SURF TELECOM SA,10.455.746/0001-43,ISPS DO BRASIL S.A.,14.415.661/0001-92,,,3º Aditivo,12777947,2024-12-30,2025-01-07,4,True
CONTRATO,2022-08-17,53500.305890/2022-92,SURF TELECOM SA,10.455.746/0001-43,TELECOM SOUTH AMERICA S.A.,,,,Não identificado,9046939,2022-09-09,2022-09-09,1,True
CONTRATO,2022-09-09,53500.312668/2022-46,DATORA MOBILE TELECOMUNICACOES S.A.,18.384.930/0001-51,RESOLVE TELECOM LIMITADA,11.358.679/0001-01,,,Não identificado,9094791,2022-10-17,2022-10-17,1,True
CONTRATO,2022-09-21,53500.316766/2022-52,TELEXPERTS TELECOMUNICACOES S.A.,,GRUPO FEDERAL LTDA,11.655.954/0001-59,,,Não identificado,9168625,2022-10-05,2022-10-05,1,False
ADITIVO,2022-09-21,53500.316766/2022-52,TELEXPERTS TELECOMUNICACOES S.A.,,GRUPO FEDERAL LTDA,11.655.954/0001-59,,,1º Aditivo,9168625,2022-10-05,2022-10-05,2,True
CONTRATO,2022-10-06,53500.321575/2022-11,TELEXPERTS TELECOMUNICACOES S.A.,,ASSOCIAÇÃO BRASILEIRA DE USUÁRIOS DE TELECOMUNICAÇÕES - ABRUTELECOM,23.530.122/0001-95,,,Não identificado,9325068,2022-11-01,2022-11-01,1,False
ADITIVO,2022-10-06,53500.321575/2022-11,TELEXPERTS TELECOMUNICACOES S.A.,,ASSOCIAÇÃO BRASILEIRA DE USUÁRIOS DE TELECOMUNICAÇÕES - ABRUTELECOM,23.530.122/0001-95,,,1º Aditivo,9325068,2022-11-01,2022-11-01,2,True
CONTRATO,2022-10-10,53500.322472/2022-60,SURF TELECOM SA,10.455.746/0001-43,PRUDENTE GESTÃO DE PAGAMENTOS LTDA,37.336.274/0001-66,,,Não identificado,9327974,2022-11-01,2022-11-01,1,True
CONTRATO,2022-10-11,53500.322984/2022-26,DATORA MOBILE TELECOMUNICACOES S.A.,18.384.930/0001-51,INOVA SOLUÇÕES EM TELECOMUNICAÇÃO EIRELI,19.813.396/0001-14,,,Não identificado,9351096,2022-11-08,2022-11-08,1,True
CONTRATO,2022-10-25,53500.326838/2022-70,SURF TELECOM SA,10.455.746/0001-43,RAPPI CONNECT BRASIL LTDA,46.539.031/0001-16,,,Não identificado,9385366,2022-11-16,2022-11-16,1,True
CONTRATO,2022-11-03,53500.329100/2022-64,DATORA MOBILE TELECOMUNICACOES S.A.,18.384.930/0001-51,GATEWAY TELECOM LTDA,17.303.838/0001-57,,,Não identificado,9417799,2022-11-17,2022-11-17,1,True
CONTRATO,2022-11-04,53500.329577/2022-40,DATORA MOBILE TELECOMUNICACOES S.A.,18.384.930/0001-51,MTC S.A.,45.616.483/0001-91,,,Não identificado,9417815,2022-11-17,2022-11-17,1,True
CONTRATO,2022-12-02,53500.337176/2022-63,NEXT LEVEL TELECOM LTDA.,20.877.748/0001-84,DATELO TELECOMUNICAÇÕES LTDA,18.200.825/0001-15,,,Não identificado,10095276,2023-04-18,2023-04-18,1,True
CONTRATO,2022-12-07,53500.338666/2022-87,VERO S.A.,31.748.174/0001-60,AIR FIBER TELECOM LTDA,45.091.755/0001-87,,,América Net incorporada pela Vero S.A.,9559001,2022-12-20,2022-12-20,1,True
CONTRATO,2022-12-07,53500.338678/2022-10,VERO S.A.,31.748.174/0001-60,WATCH TV ENTRETENIMENTOS S/A,24.817.685/0001-21,,,América Net incorporada pela Vero S.A.,9565858,2022-12-20,2022-12-20,1,True
CONTRATO,2022-12-21,53500.343089/2022-45,TELEXPERTS TELECOMUNICACOES S.A.,,FACILITA TELECOM LTDA,13.045.960/0001-10,,,Não identificado,9677002,2023-01-16,2023-01-16,1,False
ADITIVO,2025-02-07,53500.343089/2022-45,TELEXPERTS TELECOMUNICACOES S.A.,,FACILITA TELECOM LTDA,13.045.960/0001-10,,,Não identificado,13686394,2025-05-20,2025-05-22,2,True
CONTRATO,2022-12-21,53500.343093/2022-11,TELEXPERTS TELECOMUNICACOES S.A.,,TGN-BR INTERNET LTDA,29.339.296/0001-51,,,Não identificado,9595752,2023-01-02,2023-01-02,1,True
CONTRATO,2022-12-21,53500.343098/2022-36,TELEXPERTS TELECOMUNICACOES S.A.,,VITÓRIA TECNOLOGIA E DESENVOLVIMENTO LTDA,,,,Não identificado,9599263,2023-01-02,2023-01-02,1,True
CONTRATO,2017-01-26,53504.000883/2017-08,SURF TELECOM SA,10.455.746/0001-43,ESEYE DO BRASIL TECNOLOGIA DA INFORMAÇÃO LTDA,13.890.755/0001-50,,,Não identificado,1882694,2017-09-22,2017-09-22,1,False
ADITIVO,2023-08-01,53504.000883/2017-08,SURF TELECOM SA,10.455.746/0001-43,ESEYE DO BRASIL TECNOLOGIA DA INFORMAÇÃO LTDA,13.890.755/0001-50,,,2º e 3º Aditivos,10730883,2023-09-08,2023-09-08,2,True
CONTRATO,2016-03-14,53504.001925/2016-39,DATORA MOBILE TELECOMUNICACOES S.A.,18.384.930/0001-51,BT BRASIL SERVIÇOS DE TELECOMUNICAÇÕES LTDA. (BT BRASIL),33.179.565/0001-37,,,Não identificado,588202,2016-07-20,2016-07-20,1,True
CONTRATO,2018-06-11,53504.007683/2018-59,SURF TELECOM SA,10.455.746/0001-43,MAGAZINE LUIZA S.A.,47.960.950/0001-21,2021-06-18,53504.007683/2018-59,De acordo com comunicado SEI nº 7040774.,3040905,2018-08-10,2018-08-10,1,True
CONTRATO,2018-06-11,53504.007684/2018-01,SURF TELECOM SA,10.455.746/0001-43,ALGAR TELECOM S.A.,71.208.516/0001-74,,,Não identificado,3039431,2018-08-10,2018-08-10,1,True
CONTRATO,2017-07-28,53504.008572/2017-89,TELEFONICA BRASIL S.A.,,BRISANET SERVIÇOS DE TELECOMUNICAÇÕES LTDA,,,,Não identificado,1973889,2017-11-10,2017-11-10,1,False
ADITIVO,2020-03-25,53504.008572/2017-89,TELEFONICA BRASIL S.A.,,BRISANET SERVIÇOS DE TELECOMUNICAÇÕES LTDA,,,,1º Aditivo,5675950,2020-06-25,2020-06-25,2,False
ADITIVO,2020-10-29,53504.008572/2017-89,TELEFONICA BRASIL S.A.,,BRISANET SERVIÇOS DE TELECOMUNICAÇÕES LTDA,,,,2º Aditivo,6226032,2020-11-27,2020-11-27,3,False
ADITIVO,2021-04-07,53504.008572/2017-89,TELEFONICA BRASIL S.A.,,BRISANET SERVIÇOS DE TELECOMUNICAÇÕES LTDA,,,,3º Aditivo,6885419,2021-05-19,2021-05-19,4,False
ADITIVO,2021-11-17,53504.008572/2017-89,TELEFONICA BRASIL S.A.,,BRISANET SERVIÇOS DE TELECOMUNICAÇÕES LTDA,,,,4º Aditivo,7766123,2021-12-13,2021-12-13,5,True
CONTRATO,2017-11-22,53504.016428/2017-16,DATORA MOBILE TELECOMUNICACOES S.A.,18.384.930/0001-51,FONELIGHT TELECOMUNICAÇÕES S/A,,,,Não identificado,2263762,2018-01-26,2018-01-26,1,True
CONTRATO,2017-12-14,53504.019121/2017-77,SURF TELECOM SA,10.455.746/0001-43,FAMA SERVIÇOS TECNOLOGIA DA INFORMAÇÃO LTDA,28.490.744/0001-50,,,Não identificado,2645582,2018-07-06,2018-07-06,1,True
